message,time
"!CAL VALIDATION L ABORTED",15789347
"!CAL 
>>>>>>> CALIBRATION (HV9,P-CR) FOR LEFT: <<<<<<<<<",15801733
"!CAL Calibration points:  ",15801733
"!CAL -17.8, -56.9        -0,    373   ",15801733
"!CAL -18.4, -64.2        -0,   -718   ",15801733
"!CAL -17.5, -49.0        -0,   1418   ",15801733
"!CAL -34.3, -55.9     -2017,    373   ",15801733
"!CAL -2.1, -57.4      2017,    373   ",15801733
"!CAL -34.0, -63.0     -2061,   -718   ",15801733
"!CAL -3.6, -64.8      2061,   -718   ",15801733
"!CAL -32.9, -47.4     -1975,   1418   ",15801733
"!CAL -1.6, -49.0      1975,   1418   ",15801733
"!CAL  0.0,  0.0         0,      0   ",15801733
"!CAL eye check box: (L,R,T,B)
	  -38     3   -71     6",15801733
"!CAL href cal range: (L,R,T,B)
	-3091  3091 -1252  1951",15801733
"!CAL Cal coeff:(X=a+bx+cy+dxx+eyy,Y=f+gx+goaly+ixx+jyy)
     -0  125.1 -7.1031  0.20071  0.2793 
   372.64  6.3758  141.13 -0.13317 -1.1964",15801733
"!CAL Prenormalize: offx, offy = -17.836 -56.919",15801733
"!CAL Quadrant center: centx, centy = 
   8.8818e-16  372.64",15801733
"!CAL Corner correction:
  -7.1819e-05, -2.4181e-05 
  -7.8691e-05, -1.8798e-05 
   4.358e-05,  2.8055e-05 
  -3.3566e-05, -2.7924e-05 ",15801733
"!CAL Gains: cx:117.019 lx:109.529 rx:126.089",15801733
"!CAL Gains: cy:66.954 ty:124.091 by:66.567",15801733
"!CAL Resolution (upd) at screen center: X=2.2, Y=3.9",15801733
"!CAL Gain Change Proportion: X: 0.151 Y: 0.864",15801733
"!CAL Gain Ratio (Gy/Gx) = 0.572",15801733
"!CAL Bad Y/X gain ratio: 0.572 ",15801733
"!CAL PCR gain ratio(x,y) = 2.189, 2.381",15801733
"!CAL CR gain match(x,y) = 1.010, 1.010",15801733
"!CAL Slip rotation correction OFF",15801733
"!CAL CALIBRATION HV9 L LEFT    GOOD ",15801734
"!CAL VALIDATION HV9 L LEFT  GOOD ERROR 0.48 avg. 0.91 max  OFFSET 0.27 deg. 14.4,15.3 pix.",15817258
"VALIDATE L POINT 0  LEFT  at 960,540  OFFSET 0.38 deg.  17.4,24.0 pix.",15817258
"VALIDATE L POINT 1  LEFT  at 960,216  OFFSET 0.40 deg.  -29.8,1.1 pix.",15817258
"VALIDATE L POINT 2  LEFT  at 960,863  OFFSET 0.86 deg.  42.2,-51.8 pix.",15817258
"VALIDATE L POINT 3  LEFT  at 384,540  OFFSET 0.50 deg.  3.3,39.9 pix.",15817258
"VALIDATE L POINT 4  LEFT  at 1535,540  OFFSET 0.31 deg.  9.4,23.1 pix.",15817258
"VALIDATE L POINT 5  LEFT  at 453,255  OFFSET 0.78 deg.  34.8,49.8 pix.",15817258
"VALIDATE L POINT 6  LEFT  at 1466,255  OFFSET 0.91 deg.  16.2,70.9 pix.",15817258
"VALIDATE L POINT 7  LEFT  at 453,824  OFFSET 0.37 deg.  13.9,-25.9 pix.",15817258
"VALIDATE L POINT 8  LEFT  at 1466,824  OFFSET 0.46 deg.  34.4,-4.9 pix.",15817258
"!CAL VALIDATION L ABORTED",15817836
"DRIFTCORRECT L LEFT  at 960,540  OFFSET 0.13 deg.  5.9,8.1 pix.",15823864
"RECCFG CR 500 2 1 L",15824368
"ELCLCFG MLRR",15824368
"GAZE_COORDS 0.00 0.00 1919.00 1079.00",15824368
"THRESHOLDS L 51 204",15824368
"ELCL_WINDOW_SIZES 176 188 0 0",15824368
"ELCL_PROC CENTROID (3)",15824368
"ELCL_PCR_PARAM 5 3.0",15824368
"!MODE RECORD CR 500 2 1 L
",15824369
"SYNCTIME at run start:355067.2995",15847737
"BLOCK_START: 355073.3001.BlockType: Body",15853721
"STIM_DISP_END: 355079.3005.BlockType: Body",15859721
"BLOCK_END: 355091.2701.BlockType: Body",15871690
"BLOCK_START: 355091.3004.BlockType: Face",15871720
"STIM_DISP_END: 355097.3007.BlockType: Face",15877720
"BLOCK_END: 355109.2695.BlockType: Face",15889689
"BLOCK_START: 355109.2998.BlockType: Person",15889719
"STIM_DISP_END: 355115.3002.BlockType: Person",15895719
"BLOCK_END: 355127.2695.BlockType: Person",15907688
"BLOCK_START: 355127.2998.BlockType: Person",15907718
"STIM_DISP_END: 355133.3001.BlockType: Person",15913719
"BLOCK_END: 355145.2695.BlockType: Person",15925688
"BLOCK_START: 355145.2998.BlockType: Face",15925718
"STIM_DISP_END: 355151.3001.BlockType: Face",15931718
"BLOCK_END: 355163.2695.BlockType: Face",15943687
"BLOCK_START: 355163.2998.BlockType: Body",15943717
"STIM_DISP_END: 355169.3002.BlockType: Body",15949717
"BLOCK_END: 355181.2695.BlockType: Body",15961686
"BLOCK_START: 355181.2998.BlockType: Face",15961716
"STIM_DISP_END: 355187.3001.BlockType: Face",15967717
"BLOCK_END: 355199.2695.BlockType: Face",15979686
"BLOCK_START: 355199.2998.BlockType: Person",15979716
"STIM_DISP_END: 355205.3002.BlockType: Person",15985716
"BLOCK_END: 355217.2695.BlockType: Person",15997685
"BLOCK_START: 355217.2998.BlockType: Body",15997715
"STIM_DISP_END: 355223.3003.BlockType: Body",16003715
"BLOCK_END: 355235.2696.BlockType: Body",16015684
"BLOCK_START: 355235.2998.BlockType: Body",16015714
"STIM_DISP_END: 355241.3001.BlockType: Body",16021715
"BLOCK_END: 355253.2695.BlockType: Body",16033684
"BLOCK_START: 355253.2997.BlockType: Person",16033714
"STIM_DISP_END: 355259.3.BlockType: Person",16039714
"BLOCK_END: 355271.2695.BlockType: Person",16051683
"BLOCK_START: 355271.2997.BlockType: Face",16051713
"STIM_DISP_END: 355277.3001.BlockType: Face",16057713
"BLOCK_END: 355289.2695.BlockType: Face",16069682
"BLOCK_START: 355289.2997.BlockType: Face",16069712
"STIM_DISP_END: 355295.3.BlockType: Face",16075712
"BLOCK_END: 355307.2695.BlockType: Face",16087682
"BLOCK_START: 355307.2997.BlockType: Body",16087712
"STIM_DISP_END: 355313.3.BlockType: Body",16093712
"BLOCK_END: 355325.2695.BlockType: Body",16105681
"BLOCK_START: 355325.2997.BlockType: Person",16105711
"STIM_DISP_END: 355331.3001.BlockType: Person",16111711
"BLOCK_END: 355343.2695.BlockType: Person",16123680
