message,time
"!CAL 
>>>>>>> CALIBRATION (HV9,P-CR) FOR LEFT: <<<<<<<<<",3618890
"!CAL Calibration points:  ",3618890
"!CAL -38.6, -30.6        -0,    373   ",3618890
"!CAL -39.9, -39.3        -0,   -718   ",3618890
"!CAL -38.7, -26.0        -0,   1418   ",3618890
"!CAL -53.5, -30.8     -2017,    373   ",3618890
"!CAL -24.8, -32.1      2017,    373   ",3618890
"!CAL -53.6, -36.5     -2061,   -718   ",3618890
"!CAL -25.0, -38.5      2061,   -718   ",3618890
"!CAL -52.8, -24.8     -1975,   1418   ",3618890
"!CAL -24.4, -27.5      1975,   1418   ",3618890
"!CAL  0.0,  0.0         0,      0   ",3618890
"!CAL eye check box: (L,R,T,B)
	  -59     5   -43     4",3618890
"!CAL href cal range: (L,R,T,B)
	-3091  3091 -1252  1951",3618890
"!CAL Cal coeff:(X=a+bx+cy+dxx+eyy,Y=f+gx+goaly+ixx+jyy)
     -0  140.23 -6.3272  0.33391  1.6985 
   372.64  8.921  189.74  0.73815  7.4972",3618890
"!CAL Prenormalize: offx, offy = -38.62 -30.623",3618890
"!CAL Quadrant center: centx, centy = 
   3.5527e-15  372.64",3618890
"!CAL Corner correction:
  -8.3653e-05, -0.00016759 
   3.9256e-05,  0.00019179 
   2.6505e-05,  0.00012717 
  -4.4521e-05,  5.5772e-05 ",3618890
"!CAL Gains: cx:363.177 lx:229.336 rx:561.693",3618890
"!CAL Gains: cy:1541.988 ty:961.051 by:3535.893",3618890
"!CAL Resolution (upd) at screen center: X=0.7, Y=0.2",3618890
"!CAL Gain Change Proportion: X: 1.449 Y: 2.679",3618890
"!CAL Y gain out of range",3618890
"!CAL PCR gain ratio(x,y) = 2.684, 2.019",3618890
"!CAL CR gain match(x,y) = 1.010, 1.010",3618890
"!CAL Slip rotation correction OFF",3618890
"!CAL CALIBRATION HV9 L LEFT    GOOD ",3618907
"!CAL VALIDATION HV9 L LEFT  FAIR ERROR 1.19 avg. 1.58 max  OFFSET 1.12 deg. -24.9,-84.3 pix.",3643877
"VALIDATE L POINT 0  LEFT  at 960,540  OFFSET 1.58 deg.  -46.5,-114.9 pix.",3643877
"VALIDATE L POINT 1  LEFT  at 960,216  OFFSET 0.16 deg.  11.0,4.8 pix.",3643877
"VALIDATE L POINT 2  LEFT  at 960,863  OFFSET 1.13 deg.  -37.0,-80.5 pix.",3643877
"VALIDATE L POINT 3  LEFT  at 384,540  OFFSET 1.07 deg.  -24.8,-80.0 pix.",3643877
"VALIDATE L POINT 4  LEFT  at 1535,540  OFFSET 1.30 deg.  -20.7,-100.2 pix.",3643877
"VALIDATE L POINT 5  LEFT  at 453,255  OFFSET 0.29 deg.  21.2,-5.7 pix.",3643877
"VALIDATE L POINT 6  LEFT  at 1466,255  OFFSET 0.62 deg.  42.0,-20.9 pix.",3643877
"VALIDATE L POINT 7  LEFT  at 453,824  OFFSET 0.36 deg.  2.7,-27.9 pix.",3643877
"VALIDATE L POINT 8  LEFT  at 1466,824  OFFSET 0.71 deg.  30.5,-46.1 pix.",3643877
"DRIFTCORRECT L LEFT  at 960,540  OFFSET 0.58 deg.  -19.3,-40.7 pix.",3648759
"RECCFG CR 500 2 1 L",3649319
"ELCLCFG MLRR",3649319
"GAZE_COORDS 0.00 0.00 1919.00 1079.00",3649319
"THRESHOLDS L 48 143",3649319
"ELCL_WINDOW_SIZES 176 188 0 0",3649319
"ELCL_PROC CENTROID (3)",3649319
"ELCL_PCR_PARAM 5 3.0",3649319
"!MODE RECORD CR 500 2 1 L
",3649320
"SYNCTIME at run start:2245238.5503",3675451
"BLOCK_START: 2245244.551.BlockType: Face",3681442
"STIM_DISP_END: 2245250.5514.BlockType: Face",3687442
"BLOCK_END: 2245262.5211.BlockType: Face",3699411
"BLOCK_START: 2245262.5513.BlockType: Person",3699441
"STIM_DISP_END: 2245268.5515.BlockType: Person",3705441
"BLOCK_END: 2245280.5204.BlockType: Person",3717410
"BLOCK_START: 2245280.5506.BlockType: Body",3717440
"STIM_DISP_END: 2245286.5509.BlockType: Body",3723440
"BLOCK_END: 2245298.5204.BlockType: Body",3735409
"BLOCK_START: 2245298.5506.BlockType: Body",3735439
"STIM_DISP_END: 2245304.5509.BlockType: Body",3741439
"BLOCK_END: 2245316.5204.BlockType: Body",3753408
"BLOCK_START: 2245316.5506.BlockType: Face",3753438
"STIM_DISP_END: 2245322.5509.BlockType: Face",3759438
"BLOCK_END: 2245334.5204.BlockType: Face",3771407
"BLOCK_START: 2245334.5506.BlockType: Person",3771438
"STIM_DISP_END: 2245340.551.BlockType: Person",3777438
"BLOCK_END: 2245352.5204.BlockType: Person",3789407
"BLOCK_START: 2245352.5506.BlockType: Body",3789437
"STIM_DISP_END: 2245358.5509.BlockType: Body",3795437
"BLOCK_END: 2245370.5204.BlockType: Body",3807406
"BLOCK_START: 2245370.5506.BlockType: Person",3807436
"STIM_DISP_END: 2245376.551.BlockType: Person",3813436
"BLOCK_END: 2245388.5204.BlockType: Person",3825405
"BLOCK_START: 2245388.5506.BlockType: Face",3825435
"STIM_DISP_END: 2245394.5509.BlockType: Face",3831435
"BLOCK_END: 2245406.5204.BlockType: Face",3843405
"BLOCK_START: 2245406.5506.BlockType: Face",3843435
"STIM_DISP_END: 2245412.5509.BlockType: Face",3849435
"BLOCK_END: 2245424.5204.BlockType: Face",3861404
"BLOCK_START: 2245424.5506.BlockType: Body",3861434
"STIM_DISP_END: 2245430.5509.BlockType: Body",3867434
"BLOCK_END: 2245442.5204.BlockType: Body",3879403
"BLOCK_START: 2245442.5506.BlockType: Person",3879433
"STIM_DISP_END: 2245448.5509.BlockType: Person",3885433
"BLOCK_END: 2245460.5204.BlockType: Person",3897402
"BLOCK_START: 2245460.5506.BlockType: Person",3897432
"STIM_DISP_END: 2245466.5509.BlockType: Person",3903433
"BLOCK_END: 2245478.5204.BlockType: Person",3915402
"BLOCK_START: 2245478.5507.BlockType: Face",3915432
"STIM_DISP_END: 2245484.551.BlockType: Face",3921432
"BLOCK_END: 2245496.5204.BlockType: Face",3933401
"BLOCK_START: 2245496.5506.BlockType: Body",3933431
"STIM_DISP_END: 2245502.5508.BlockType: Body",3939431
"BLOCK_END: 2245514.5204.BlockType: Body",3951400
