message,time
"!CAL 
>>>>>>> CALIBRATION (HV9,P-CR) FOR LEFT: <<<<<<<<<",3250321
"!CAL Calibration points:  ",3250321
"!CAL -20.6, -31.9        -0,    373   ",3250321
"!CAL -20.3, -37.1        -0,   -718   ",3250321
"!CAL -20.2, -26.0        -0,   1418   ",3250321
"!CAL -34.7, -29.9     -2017,    373   ",3250321
"!CAL -5.6, -32.4      2017,    373   ",3250321
"!CAL -32.7, -35.5     -2061,   -718   ",3250321
"!CAL -6.7, -38.1      2061,   -718   ",3250321
"!CAL -35.0, -24.2     -1975,   1418   ",3250321
"!CAL -4.5, -26.5      1975,   1418   ",3250321
"!CAL  0.0,  0.0         0,      0   ",3250321
"!CAL eye check box: (L,R,T,B)
	  -39     4   -42     4",3250321
"!CAL href cal range: (L,R,T,B)
	-3091  3091 -1252  1951",3250321
"!CAL Cal coeff:(X=a+bx+cy+dxx+eyy,Y=f+gx+goaly+ixx+jyy)
     -0  138.58 -0.87006 -0.26352 -1.5442 
   372.64  16.918  195.43 -0.69917 -3.142",3250321
"!CAL Prenormalize: offx, offy = -20.575 -31.899",3250321
"!CAL Quadrant center: centx, centy = 
   1.0658e-14  372.64",3250321
"!CAL Corner correction:
  -0.00018315, -2.3372e-05 
  -0.00011138, -6.0013e-05 
  -9.1309e-05, -6.0309e-05 
  -6.2668e-05, -4.377e-06 ",3250321
"!CAL Gains: cx:107.850 lx:108.981 rx:118.908",3250321
"!CAL Gains: cy:130.019 ty:135.639 by:253.525",3250321
"!CAL Resolution (upd) at screen center: X=2.4, Y=2.0",3250321
"!CAL Gain Change Proportion: X: 0.091 Y: 0.869",3250321
"!CAL Gain Ratio (Gy/Gx) = 1.206",3250321
"!CAL Cross-Gain Ratios: X=0.078, Y=0.090 ",3250321
"!CAL Quadrant fixup[0] = 0.252,0.032",3250321
"!CAL Quadrant fixup[1] = 0.144,0.078",3250321
"!CAL Quadrant fixup[2] = 0.145,0.096",3250321
"!CAL Quadrant fixup[3] = 0.053,0.004",3250321
"!CAL PCR gain ratio(x,y) = 2.111, 1.805",3250321
"!CAL CR gain match(x,y) = 1.010, 1.010",3250321
"!CAL Slip rotation correction OFF",3250321
"!CAL CALIBRATION HV9 L LEFT    GOOD ",3250337
"!CAL VALIDATION HV9 L LEFT  GOOD ERROR 0.39 avg. 0.56 max  OFFSET 0.25 deg. 16.7,9.5 pix.",3270720
"VALIDATE L POINT 0  LEFT  at 960,540  OFFSET 0.45 deg.  28.7,19.4 pix.",3270720
"VALIDATE L POINT 1  LEFT  at 960,216  OFFSET 0.17 deg.  -6.5,-11.9 pix.",3270720
"VALIDATE L POINT 2  LEFT  at 960,863  OFFSET 0.33 deg.  21.6,-12.3 pix.",3270720
"VALIDATE L POINT 3  LEFT  at 384,540  OFFSET 0.12 deg.  9.0,-1.9 pix.",3270721
"VALIDATE L POINT 4  LEFT  at 1535,540  OFFSET 0.44 deg.  32.8,-4.1 pix.",3270721
"VALIDATE L POINT 5  LEFT  at 453,255  OFFSET 0.56 deg.  -39.4,14.9 pix.",3270721
"VALIDATE L POINT 6  LEFT  at 1466,255  OFFSET 0.39 deg.  26.3,13.7 pix.",3270721
"VALIDATE L POINT 7  LEFT  at 453,824  OFFSET 0.40 deg.  -9.8,29.8 pix.",3270721
"VALIDATE L POINT 8  LEFT  at 1466,824  OFFSET 0.27 deg.  -10.5,18.1 pix.",3270721
"DRIFTCORRECT L LEFT  at 960,540  OFFSET 0.40 deg.  25.0,17.1 pix.",3274198
"RECCFG CR 500 2 1 L",3274703
"ELCLCFG MLRR",3274703
"GAZE_COORDS 0.00 0.00 1919.00 1079.00",3274703
"THRESHOLDS L 51 132",3274703
"ELCL_WINDOW_SIZES 176 188 0 0",3274703
"ELCL_PROC CENTROID (3)",3274703
"ELCL_PCR_PARAM 5 3.0",3274703
"!MODE RECORD CR 500 2 1 L
",3274704
"SYNCTIME at run start:2326274.2992",3304600
"BLOCK_START: 2326280.2998.BlockType: Face",3310595
"STIM_DISP_END: 2326286.3002.BlockType: Face",3316595
"BLOCK_END: 2326298.2699.BlockType: Face",3328564
"BLOCK_START: 2326298.3001.BlockType: Person",3328595
"STIM_DISP_END: 2326304.3004.BlockType: Person",3334595
"BLOCK_END: 2326316.2692.BlockType: Person",3346563
"BLOCK_START: 2326316.2995.BlockType: Body",3346593
"STIM_DISP_END: 2326322.2998.BlockType: Body",3352593
"BLOCK_END: 2326334.2692.BlockType: Body",3364562
"BLOCK_START: 2326334.2994.BlockType: Body",3364592
"STIM_DISP_END: 2326340.2997.BlockType: Body",3370593
"BLOCK_END: 2326352.2692.BlockType: Body",3382562
"BLOCK_START: 2326352.2995.BlockType: Face",3382592
"STIM_DISP_END: 2326358.2997.BlockType: Face",3388592
"BLOCK_END: 2326370.2692.BlockType: Face",3400561
"BLOCK_START: 2326370.2994.BlockType: Person",3400591
"STIM_DISP_END: 2326376.2998.BlockType: Person",3406591
"BLOCK_END: 2326388.2692.BlockType: Person",3418560
"BLOCK_START: 2326388.2994.BlockType: Body",3418590
"STIM_DISP_END: 2326394.2997.BlockType: Body",3424590
"BLOCK_END: 2326406.2692.BlockType: Body",3436559
"BLOCK_START: 2326406.2994.BlockType: Person",3436590
"STIM_DISP_END: 2326412.2997.BlockType: Person",3442590
"BLOCK_END: 2326424.2692.BlockType: Person",3454559
"BLOCK_START: 2326424.2994.BlockType: Face",3454589
"STIM_DISP_END: 2326430.2997.BlockType: Face",3460589
"BLOCK_END: 2326442.2692.BlockType: Face",3472558
"BLOCK_START: 2326442.2995.BlockType: Face",3472588
"STIM_DISP_END: 2326448.2998.BlockType: Face",3478588
"BLOCK_END: 2326460.2692.BlockType: Face",3490557
"BLOCK_START: 2326460.2994.BlockType: Body",3490587
"STIM_DISP_END: 2326466.2997.BlockType: Body",3496587
"BLOCK_END: 2326478.2692.BlockType: Body",3508557
"BLOCK_START: 2326478.2994.BlockType: Person",3508587
"STIM_DISP_END: 2326484.2997.BlockType: Person",3514587
"BLOCK_END: 2326496.2692.BlockType: Person",3526556
"BLOCK_START: 2326496.2994.BlockType: Person",3526586
"STIM_DISP_END: 2326502.2997.BlockType: Person",3532586
"BLOCK_END: 2326514.2692.BlockType: Person",3544555
"BLOCK_START: 2326514.2994.BlockType: Face",3544585
"STIM_DISP_END: 2326520.2997.BlockType: Face",3550585
"BLOCK_END: 2326532.2692.BlockType: Face",3562554
"BLOCK_START: 2326532.2995.BlockType: Body",3562585
"STIM_DISP_END: 2326538.2998.BlockType: Body",3568585
"BLOCK_END: 2326550.2692.BlockType: Body",3580554
