message,time
"!CAL VALIDATION L ABORTED",4685734
"!CAL 
>>>>>>> CALIBRATION (HV9,P-CR) FOR LEFT: <<<<<<<<<",4697928
"!CAL Calibration points:  ",4697928
"!CAL -6.8, -30.8        -0,    373   ",4697928
"!CAL -8.3, -38.0        -0,   -718   ",4697928
"!CAL -6.9, -23.3        -0,   1418   ",4697928
"!CAL -23.3, -30.4     -2017,    373   ",4697928
"!CAL  7.5, -32.7      2017,    373   ",4697928
"!CAL -23.8, -37.4     -2061,   -718   ",4697928
"!CAL  7.1, -38.7      2061,   -718   ",4697928
"!CAL -22.8, -22.7     -1975,   1418   ",4697928
"!CAL  8.8, -23.4      1975,   1418   ",4697928
"!CAL  0.0,  0.0         0,      0   ",4697928
"!CAL eye check box: (L,R,T,B)
	  -27    12   -43     4",4697929
"!CAL href cal range: (L,R,T,B)
	-3091  3091 -1252  1951",4697929
"!CAL Cal coeff:(X=a+bx+cy+dxx+eyy,Y=f+gx+goaly+ixx+jyy)
     -0  131.15 -12.594  0.56047  2.0654 
   372.64  11.666  143.92  0.50584 -0.65257",4697929
"!CAL Prenormalize: offx, offy = -6.7743 -30.816",4697929
"!CAL Quadrant center: centx, centy = 
   7.1054e-15  372.64",4697929
"!CAL Corner correction:
  -8.5585e-05, -3.2014e-05 
   4.704e-05,  9.2421e-05 
   2.306e-05,  1.1749e-05 
  -7.6024e-05, -9.7708e-05 ",4697929
"!CAL Gains: cx:98.165 lx:92.928 rx:104.286",4697929
"!CAL Gains: cy:79.054 ty:165.630 by:76.878",4697929
"!CAL Resolution (upd) at screen center: X=2.7, Y=3.3",4697929
"!CAL Gain Change Proportion: X: 0.122 Y: 1.154",4697929
"!CAL Gain Ratio (Gy/Gx) = 0.805",4697929
"!CAL Bad Y/X gain ratio: 0.805 ",4697929
"!CAL PCR gain ratio(x,y) = 2.281, 1.939",4697929
"!CAL CR gain match(x,y) = 1.010, 1.010",4697929
"!CAL Slip rotation correction OFF",4697929
"!CAL CALIBRATION HV9 L LEFT    GOOD ",4697950
"!CAL VALIDATION HV9 L LEFT  GOOD ERROR 0.34 avg. 0.91 max  OFFSET 0.16 deg. 9.9,-6.7 pix.",4716449
"VALIDATE L POINT 0  LEFT  at 960,540  OFFSET 0.20 deg.  10.6,-10.7 pix.",4716449
"VALIDATE L POINT 1  LEFT  at 960,216  OFFSET 0.35 deg.  17.8,-20.4 pix.",4716449
"VALIDATE L POINT 2  LEFT  at 960,863  OFFSET 0.91 deg.  35.9,61.5 pix.",4716449
"VALIDATE L POINT 3  LEFT  at 384,540  OFFSET 0.03 deg.  -0.0,2.7 pix.",4716449
"VALIDATE L POINT 4  LEFT  at 1535,540  OFFSET 0.43 deg.  23.6,23.6 pix.",4716449
"VALIDATE L POINT 5  LEFT  at 453,255  OFFSET 0.83 deg.  -19.0,-62.6 pix.",4716449
"VALIDATE L POINT 6  LEFT  at 1466,255  OFFSET 0.85 deg.  8.8,-66.5 pix.",4716449
"VALIDATE L POINT 7  LEFT  at 453,824  OFFSET 0.27 deg.  -19.6,4.7 pix.",4716449
"VALIDATE L POINT 8  LEFT  at 1466,824  OFFSET 0.44 deg.  -30.1,-13.7 pix.",4716449
"!CAL VALIDATION L ABORTED",4717211
"DRIFTCORRECT L LEFT  at 960,540  OFFSET 0.51 deg.  -21.2,-34.0 pix.",4719991
"RECCFG CR 500 2 1 L",4720552
"ELCLCFG MLRR",4720552
"GAZE_COORDS 0.00 0.00 1919.00 1079.00",4720552
"THRESHOLDS L 49 129",4720552
"ELCL_WINDOW_SIZES 176 188 0 0",4720552
"ELCL_PROC CENTROID (3)",4720552
"ELCL_PCR_PARAM 5 3.0",4720552
"!MODE RECORD CR 500 2 1 L
",4720553
"SYNCTIME at run start:77125.4309",4746030
"BLOCK_START: 77131.4318.BlockType: Person",4752021
"STIM_DISP_END: 77137.4321.BlockType: Person",4758021
"BLOCK_END: 77149.4018.BlockType: Person",4769990
"BLOCK_START: 77149.432.BlockType: Face",4770021
"STIM_DISP_END: 77155.4323.BlockType: Face",4776021
"BLOCK_END: 77167.401.BlockType: Face",4787989
"BLOCK_START: 77167.4312.BlockType: Body",4788019
"STIM_DISP_END: 77173.4316.BlockType: Body",4794020
"BLOCK_END: 77185.401.BlockType: Body",4805989
"BLOCK_START: 77185.4312.BlockType: Face",4806019
"STIM_DISP_END: 77191.4315.BlockType: Face",4812019
"BLOCK_END: 77203.401.BlockType: Face",4823988
"BLOCK_START: 77203.4312.BlockType: Body",4824019
"STIM_DISP_END: 77209.4315.BlockType: Body",4830019
"BLOCK_END: 77221.401.BlockType: Body",4841988
"BLOCK_START: 77221.4312.BlockType: Person",4842018
"STIM_DISP_END: 77227.4314.BlockType: Person",4848018
"BLOCK_END: 77239.401.BlockType: Person",4859988
"BLOCK_START: 77239.4312.BlockType: Person",4860018
"STIM_DISP_END: 77245.4314.BlockType: Person",4866018
"BLOCK_END: 77257.401.BlockType: Person",4877987
"BLOCK_START: 77257.4312.BlockType: Body",4878017
"STIM_DISP_END: 77263.4315.BlockType: Body",4884018
"BLOCK_END: 77275.401.BlockType: Body",4895987
"BLOCK_START: 77275.4312.BlockType: Face",4896017
"STIM_DISP_END: 77281.4314.BlockType: Face",4902017
"BLOCK_END: 77293.401.BlockType: Face",4913986
"BLOCK_START: 77293.4312.BlockType: Face",4914016
"STIM_DISP_END: 77299.4314.BlockType: Face",4920017
"BLOCK_END: 77311.401.BlockType: Face",4931986
"BLOCK_START: 77311.4312.BlockType: Person",4932016
"STIM_DISP_END: 77317.4315.BlockType: Person",4938016
"BLOCK_END: 77329.401.BlockType: Person",4949986
"BLOCK_START: 77329.4312.BlockType: Body",4950016
"STIM_DISP_END: 77335.4315.BlockType: Body",4956016
"BLOCK_END: 77347.401.BlockType: Body",4967985
"BLOCK_START: 77347.4312.BlockType: Body",4968015
"STIM_DISP_END: 77353.4315.BlockType: Body",4974015
"BLOCK_END: 77365.401.BlockType: Body",4985985
"BLOCK_START: 77365.4312.BlockType: Person",4986015
"STIM_DISP_END: 77371.4314.BlockType: Person",4992015
"BLOCK_END: 77383.401.BlockType: Person",5003984
"BLOCK_START: 77383.4312.BlockType: Face",5004014
"STIM_DISP_END: 77389.4315.BlockType: Face",5010015
"BLOCK_END: 77401.401.BlockType: Face",5021984
