message,time
"!CAL VALIDATION L ABORTED",4505325
"!CAL 
>>>>>>> CALIBRATION (HV9,P-CR) FOR LEFT: <<<<<<<<<",4540315
"!CAL Calibration points:  ",4540315
"!CAL -29.0, -29.9        -0,    373   ",4540315
"!CAL -29.4, -36.7        -0,   -718   ",4540315
"!CAL -28.8, -23.7        -0,   1418   ",4540315
"!CAL -45.3, -30.6     -2017,    373   ",4540315
"!CAL -13.6, -31.2      2017,    373   ",4540315
"!CAL -45.3, -35.6     -2061,   -718   ",4540315
"!CAL -17.5, -35.3      2061,   -718   ",4540315
"!CAL -43.4, -23.7     -1975,   1418   ",4540315
"!CAL -14.7, -24.6      1975,   1418   ",4540315
"!CAL  0.0,  0.0         0,      0   ",4540315
"!CAL eye check box: (L,R,T,B)
	  -50     5   -40     4",4540315
"!CAL href cal range: (L,R,T,B)
	-3091  3091 -1252  1951",4540315
"!CAL Cal coeff:(X=a+bx+cy+dxx+eyy,Y=f+gx+goaly+ixx+jyy)
     -0  127.52 -5.972  0.18019  0.19583 
   372.64  3.214  164.78  0.67764  0.78331",4540315
"!CAL Prenormalize: offx, offy = -29.033 -29.876",4540315
"!CAL Quadrant center: centx, centy = 
   3.1086e-15  372.64",4540315
"!CAL Corner correction:
  -4.5185e-05, -0.00018979 
  -0.00046806,  0.00030409 
   6.8952e-05,  4.9088e-05 
   6.9639e-05, -1.9477e-05 ",4540315
"!CAL Gains: cx:248.637 lx:207.017 rx:323.348",4540315
"!CAL Gains: cy:227.500 ty:188.445 by:266.860",4540315
"!CAL Resolution (upd) at screen center: X=1.1, Y=1.2",4540315
"!CAL Gain Change Proportion: X: 0.562 Y: 0.416",4540315
"!CAL Gain Ratio (Gy/Gx) = 0.915",4540315
"!CAL Bad Y/X gain ratio: 0.915 ",4540315
"!CAL PCR gain ratio(x,y) = 2.516, 1.863",4540315
"!CAL CR gain match(x,y) = 1.010, 1.010",4540315
"!CAL Slip rotation correction OFF",4540315
"!CAL CALIBRATION HV9 L LEFT    GOOD ",4540315
"!CAL VALIDATION HV9 L LEFT  POOR ERROR 0.81 avg. 3.15 max  OFFSET 0.14 deg. -9.6,-5.1 pix.",4560011
"VALIDATE L POINT 0  LEFT  at 960,540  OFFSET 0.56 deg.  -41.3,8.1 pix.",4560011
"VALIDATE L POINT 1  LEFT  at 960,216  OFFSET 0.51 deg.  14.4,37.3 pix.",4560011
"VALIDATE L POINT 2  LEFT  at 960,863  OFFSET 1.90 deg.  -127.2,-69.2 pix.",4560011
"VALIDATE L POINT 3  LEFT  at 384,540  OFFSET 0.64 deg.  -8.5,50.5 pix.",4560011
"VALIDATE L POINT 4  LEFT  at 1535,540  OFFSET 0.30 deg.  22.1,5.6 pix.",4560011
"VALIDATE L POINT 5  LEFT  at 453,255  OFFSET 0.21 deg.  -8.3,-14.3 pix.",4560011
"VALIDATE L POINT 6  LEFT  at 1466,255  OFFSET 3.15 deg.  198.9,-136.9 pix.",4560011
"VALIDATE L POINT 7  LEFT  at 453,824  OFFSET 0.31 deg.  20.5,-12.1 pix.",4560011
"VALIDATE L POINT 8  LEFT  at 1466,824  OFFSET 0.47 deg.  13.8,34.9 pix.",4560011
"!CAL VALIDATION L ABORTED",4565879
"DRIFTCORRECT L LEFT  at 960,540  OFFSET 0.20 deg.  -1.8,15.5 pix.",4568665
"RECCFG CR 500 2 1 L",4569161
"ELCLCFG MLRR",4569161
"GAZE_COORDS 0.00 0.00 1919.00 1079.00",4569161
"THRESHOLDS L 55 129",4569161
"ELCL_WINDOW_SIZES 176 188 0 0",4569161
"ELCL_PROC CENTROID (3)",4569161
"ELCL_PCR_PARAM 5 3.0",4569161
"!MODE RECORD CR 500 2 1 L
",4569162
"SYNCTIME at run start:422292.0295",4592523
"BLOCK_START: 422298.0303.BlockType: Person",4598514
"STIM_DISP_END: 422304.0307.BlockType: Person",4604515
"BLOCK_END: 422316.0004.BlockType: Person",4616484
"BLOCK_START: 422316.0306.BlockType: Face",4616514
"STIM_DISP_END: 422322.0309.BlockType: Face",4622514
"BLOCK_END: 422333.9995.BlockType: Face",4634483
"BLOCK_START: 422334.0297.BlockType: Body",4634513
"STIM_DISP_END: 422340.0301.BlockType: Body",4640513
"BLOCK_END: 422351.9995.BlockType: Body",4652482
"BLOCK_START: 422352.0297.BlockType: Face",4652512
"STIM_DISP_END: 422358.03.BlockType: Face",4658513
"BLOCK_END: 422369.9995.BlockType: Face",4670482
"BLOCK_START: 422370.0297.BlockType: Body",4670512
"STIM_DISP_END: 422376.03.BlockType: Body",4676512
"BLOCK_END: 422387.9995.BlockType: Body",4688482
"BLOCK_START: 422388.0297.BlockType: Person",4688512
"STIM_DISP_END: 422394.03.BlockType: Person",4694512
"BLOCK_END: 422405.9995.BlockType: Person",4706481
"BLOCK_START: 422406.0297.BlockType: Person",4706511
"STIM_DISP_END: 422412.03.BlockType: Person",4712511
"BLOCK_END: 422423.9995.BlockType: Person",4724481
"BLOCK_START: 422424.0297.BlockType: Body",4724511
"STIM_DISP_END: 422430.03.BlockType: Body",4730511
"BLOCK_END: 422441.9995.BlockType: Body",4742480
"BLOCK_START: 422442.0297.BlockType: Face",4742510
"STIM_DISP_END: 422448.03.BlockType: Face",4748511
"BLOCK_END: 422459.9995.BlockType: Face",4760480
"BLOCK_START: 422460.0297.BlockType: Face",4760510
"STIM_DISP_END: 422466.0301.BlockType: Face",4766510
"BLOCK_END: 422477.9995.BlockType: Face",4778479
"BLOCK_START: 422478.0297.BlockType: Person",4778509
"STIM_DISP_END: 422484.03.BlockType: Person",4784510
"BLOCK_END: 422495.9995.BlockType: Person",4796479
"BLOCK_START: 422496.0297.BlockType: Body",4796509
"STIM_DISP_END: 422502.0301.BlockType: Body",4802509
"BLOCK_END: 422513.9995.BlockType: Body",4814479
"BLOCK_START: 422514.0297.BlockType: Body",4814509
"STIM_DISP_END: 422520.03.BlockType: Body",4820509
"BLOCK_END: 422531.9995.BlockType: Body",4832478
"BLOCK_START: 422532.0297.BlockType: Person",4832508
"STIM_DISP_END: 422538.03.BlockType: Person",4838508
"BLOCK_END: 422549.9995.BlockType: Person",4850478
"BLOCK_START: 422550.0297.BlockType: Face",4850508
"STIM_DISP_END: 422556.03.BlockType: Face",4856508
"BLOCK_END: 422567.9995.BlockType: Face",4868477
