message,time
"!CAL VALIDATION L ABORTED",12051463
"!CAL 
>>>>>>> CALIBRATION (HV9,P-CR) FOR LEFT: <<<<<<<<<",12097889
"!CAL Calibration points:  ",12097889
"!CAL -6.2, -43.7        -0,    373   ",12097889
"!CAL -7.0, -50.2        -0,   -718   ",12097889
"!CAL -6.8, -36.8        -0,   1418   ",12097889
"!CAL -21.6, -42.3     -2017,    373   ",12097889
"!CAL  9.3, -42.8      2017,    373   ",12097889
"!CAL -22.3, -49.8     -2061,   -718   ",12097889
"!CAL  8.6, -49.7      2061,   -718   ",12097889
"!CAL -19.5, -33.3     -1975,   1418   ",12097889
"!CAL  9.6, -35.6      1975,   1418   ",12097889
"!CAL  0.0,  0.0         0,      0   ",12097889
"!CAL eye check box: (L,R,T,B)
	  -25    13   -55     5",12097889
"!CAL href cal range: (L,R,T,B)
	-3091  3091 -1252  1951",12097889
"!CAL Cal coeff:(X=a+bx+cy+dxx+eyy,Y=f+gx+goaly+ixx+jyy)
     -0  130.55 -2.493 -0.036813  1.9971 
   372.64  2.4822  160.19 -0.78707 -1.1351",12097889
"!CAL Prenormalize: offx, offy = -6.1921 -43.702",12097889
"!CAL Quadrant center: centx, centy = 
   2.1316e-14  372.64",12097889
"!CAL Corner correction:
  -1.519e-05,  6.9603e-05 
  -1.9799e-05, -1.9304e-05 
   0.00019498,  0.00015457 
  -7.9183e-05, -1.1302e-05 ",12097889
"!CAL Gains: cx:79.497 lx:65.814 rx:116.520",12097889
"!CAL Gains: cy:126.976 ty:169.857 by:108.778",12097889
"!CAL Resolution (upd) at screen center: X=3.3, Y=2.1",12097889
"!CAL Gain Change Proportion: X: 0.770 Y: 0.561",12097889
"!CAL Gain Ratio (Gy/Gx) = 1.597",12097889
"!CAL Cross-Gain Ratios: X=0.123, Y=0.017 ",12097889
"!CAL Quadrant fixup[0] = 0.017,0.080",12097889
"!CAL Quadrant fixup[1] = 0.024,0.024",12097889
"!CAL Quadrant fixup[3] = 0.115,0.016",12097889
"!CAL Quadrant fixup[3] = 0.229,0.033",12097889
"!CAL PCR gain ratio(x,y) = 2.084, 1.950",12097889
"!CAL CR gain match(x,y) = 1.010, 1.010",12097889
"!CAL Slip rotation correction OFF",12097889
"!CAL CALIBRATION HV9 L LEFT    GOOD ",12097889
"!CAL VALIDATION HV9 L LEFT  GOOD ERROR 0.41 avg. 0.94 max  OFFSET 0.30 deg. -13.8,-19.4 pix.",12113828
"VALIDATE L POINT 0  LEFT  at 960,540  OFFSET 0.33 deg.  -11.7,-23.3 pix.",12113828
"VALIDATE L POINT 1  LEFT  at 960,216  OFFSET 0.21 deg.  13.4,-8.7 pix.",12113829
"VALIDATE L POINT 2  LEFT  at 960,863  OFFSET 0.24 deg.  11.3,-15.0 pix.",12113829
"VALIDATE L POINT 3  LEFT  at 384,540  OFFSET 0.94 deg.  -59.9,-39.6 pix.",12113829
"VALIDATE L POINT 4  LEFT  at 1535,540  OFFSET 0.59 deg.  -44.3,-6.0 pix.",12113829
"VALIDATE L POINT 5  LEFT  at 453,255  OFFSET 0.20 deg.  -14.2,-4.3 pix.",12113829
"VALIDATE L POINT 6  LEFT  at 1466,255  OFFSET 0.35 deg.  -26.0,-0.4 pix.",12113829
"VALIDATE L POINT 7  LEFT  at 453,824  OFFSET 0.40 deg.  -18.3,-25.6 pix.",12113829
"VALIDATE L POINT 8  LEFT  at 1466,824  OFFSET 0.62 deg.  35.5,-31.9 pix.",12113829
"!CAL VALIDATION L ABORTED",12115494
"DRIFTCORRECT L LEFT  at 960,540  OFFSET 0.10 deg.  -7.1,3.4 pix.",12118810
"RECCFG CR 500 2 1 L",12119336
"ELCLCFG MLRR",12119336
"GAZE_COORDS 0.00 0.00 1919.00 1079.00",12119336
"THRESHOLDS L 53 208",12119336
"ELCL_WINDOW_SIZES 176 188 0 0",12119336
"ELCL_PROC CENTROID (3)",12119336
"ELCL_PCR_PARAM 5 3.0",12119336
"!MODE RECORD CR 500 2 1 L
",12119337
"SYNCTIME at run start:276956.3484",12144188
"BLOCK_START: 276962.3492.BlockType: Person",12150181
"STIM_DISP_END: 276968.3497.BlockType: Person",12156181
"BLOCK_END: 276980.3192.BlockType: Person",12168151
"BLOCK_START: 276980.3495.BlockType: Face",12168181
"STIM_DISP_END: 276986.3498.BlockType: Face",12174181
"BLOCK_END: 276998.3185.BlockType: Face",12186149
"BLOCK_START: 276998.3487.BlockType: Body",12186179
"STIM_DISP_END: 277004.3491.BlockType: Body",12192179
"BLOCK_END: 277016.3185.BlockType: Body",12204148
"BLOCK_START: 277016.3487.BlockType: Face",12204179
"STIM_DISP_END: 277022.349.BlockType: Face",12210179
"BLOCK_END: 277034.3185.BlockType: Face",12222148
"BLOCK_START: 277034.3487.BlockType: Body",12222178
"STIM_DISP_END: 277040.349.BlockType: Body",12228178
"BLOCK_END: 277052.3184.BlockType: Body",12240147
"BLOCK_START: 277052.3487.BlockType: Person",12240177
"STIM_DISP_END: 277058.349.BlockType: Person",12246177
"BLOCK_END: 277070.3184.BlockType: Person",12258146
"BLOCK_START: 277070.3486.BlockType: Person",12258177
"STIM_DISP_END: 277076.3489.BlockType: Person",12264177
"BLOCK_END: 277088.3184.BlockType: Person",12276146
"BLOCK_START: 277088.3487.BlockType: Body",12276176
"STIM_DISP_END: 277094.349.BlockType: Body",12282176
"BLOCK_END: 277106.3184.BlockType: Body",12294145
"BLOCK_START: 277106.3487.BlockType: Face",12294175
"STIM_DISP_END: 277112.349.BlockType: Face",12300175
"BLOCK_END: 277124.3184.BlockType: Face",12312144
"BLOCK_START: 277124.3486.BlockType: Face",12312174
"STIM_DISP_END: 277130.3489.BlockType: Face",12318175
"BLOCK_END: 277142.3184.BlockType: Face",12330144
"BLOCK_START: 277142.3486.BlockType: Person",12330174
"STIM_DISP_END: 277148.3489.BlockType: Person",12336174
"BLOCK_END: 277160.3184.BlockType: Person",12348143
"BLOCK_START: 277160.3487.BlockType: Body",12348173
"STIM_DISP_END: 277166.349.BlockType: Body",12354173
"BLOCK_END: 277178.3184.BlockType: Body",12366142
"BLOCK_START: 277178.3486.BlockType: Body",12366172
"STIM_DISP_END: 277184.349.BlockType: Body",12372173
"BLOCK_END: 277196.3184.BlockType: Body",12384142
"BLOCK_START: 277196.3486.BlockType: Person",12384172
"STIM_DISP_END: 277202.3489.BlockType: Person",12390172
"BLOCK_END: 277214.3185.BlockType: Person",12402141
"BLOCK_START: 277214.3487.BlockType: Face",12402171
"STIM_DISP_END: 277220.3489.BlockType: Face",12408171
"BLOCK_END: 277232.3184.BlockType: Face",12420140
