message,time
"!CAL 
>>>>>>> CALIBRATION (HV9,P-CR) FOR LEFT: <<<<<<<<<",2320833
"!CAL Calibration points:  ",2320833
"!CAL -22.1, -39.2        -0,    373   ",2320833
"!CAL -21.8, -45.9        -0,   -718   ",2320833
"!CAL -20.9, -31.5        -0,   1418   ",2320833
"!CAL -37.2, -37.9     -2017,    373   ",2320833
"!CAL -5.9, -40.3      2017,    373   ",2320833
"!CAL -36.9, -43.7     -2061,   -718   ",2320833
"!CAL -6.9, -47.3      2061,   -718   ",2320833
"!CAL -37.4, -29.3     -1975,   1418   ",2320833
"!CAL -4.5, -32.3      1975,   1418   ",2320833
"!CAL  0.0,  0.0         0,      0   ",2320833
"!CAL eye check box: (L,R,T,B)
	  -41     4   -52     5",2320833
"!CAL href cal range: (L,R,T,B)
	-3091  3091 -1252  1951",2320833
"!CAL Cal coeff:(X=a+bx+cy+dxx+eyy,Y=f+gx+goaly+ixx+jyy)
     -0  128.57 -6.3237 -0.27822 -1.8469 
   372.64  11.851  149.39 -0.079339 -2.0351",2320833
"!CAL Prenormalize: offx, offy = -22.093 -39.213",2320833
"!CAL Quadrant center: centx, centy = 
  -3.5527e-14  372.64",2320833
"!CAL Corner correction:
  -5.1257e-05, -0.00010127 
  -0.00011463, -4.3041e-05 
  -0.00012249,  1.6808e-05 
  -2.8657e-05, -3.1069e-05 ",2320833
"!CAL Gains: cx:84.932 lx:102.320 rx:71.587",2320833
"!CAL Gains: cy:195.360 ty:113.315 by:319.033",2320833
"!CAL Resolution (upd) at screen center: X=3.1, Y=1.3",2320833
"!CAL Gain Change Proportion: X: 0.429 Y: 1.815",2320833
"!CAL Gain Ratio (Gy/Gx) = 2.300",2320833
"!CAL Cross-Gain Ratios: X=0.162, Y=0.088 ",2320833
"!CAL Quadrant fixup[0] = 0.067,0.133",2320833
"!CAL Quadrant fixup[1] = 0.136,0.051",2320833
"!CAL Quadrant fixup[2] = 0.212,0.029",2320833
"!CAL Quadrant fixup[2] = 0.070,0.010",2320833
"!CAL PCR gain ratio(x,y) = 2.257, 2.281",2320833
"!CAL CR gain match(x,y) = 1.010, 1.010",2320833
"!CAL Slip rotation correction OFF",2320833
"!CAL CALIBRATION HV9 L LEFT    GOOD ",2320834
"!CAL VALIDATION HV9 L LEFT  GOOD ERROR 0.35 avg. 0.93 max  OFFSET 0.03 deg. -0.4,-2.5 pix.",2342543
"VALIDATE L POINT 0  LEFT  at 960,540  OFFSET 0.17 deg.  5.1,12.9 pix.",2342543
"VALIDATE L POINT 1  LEFT  at 960,216  OFFSET 0.14 deg.  4.2,-10.1 pix.",2342543
"VALIDATE L POINT 2  LEFT  at 960,863  OFFSET 0.65 deg.  -31.5,-39.7 pix.",2342543
"VALIDATE L POINT 3  LEFT  at 384,540  OFFSET 0.80 deg.  -38.5,48.9 pix.",2342543
"VALIDATE L POINT 4  LEFT  at 1535,540  OFFSET 0.29 deg.  -0.8,-23.4 pix.",2342543
"VALIDATE L POINT 5  LEFT  at 453,255  OFFSET 0.89 deg.  -7.1,-70.5 pix.",2342543
"VALIDATE L POINT 6  LEFT  at 1466,255  OFFSET 0.60 deg.  40.9,-20.7 pix.",2342543
"VALIDATE L POINT 7  LEFT  at 453,824  OFFSET 0.30 deg.  -20.0,-11.4 pix.",2342543
"VALIDATE L POINT 8  LEFT  at 1466,824  OFFSET 0.93 deg.  69.0,-12.0 pix.",2342543
"!CAL VALIDATION L ABORTED",2343129
"DRIFTCORRECT L LEFT  at 960,540  OFFSET 0.11 deg.  -7.6,4.1 pix.",2345756
"RECCFG CR 500 2 1 L",2346323
"ELCLCFG MLRR",2346323
"GAZE_COORDS 0.00 0.00 1919.00 1079.00",2346323
"THRESHOLDS L 51 132",2346323
"ELCL_WINDOW_SIZES 176 188 0 0",2346323
"ELCL_PROC CENTROID (3)",2346323
"ELCL_PCR_PARAM 5 3.0",2346323
"!MODE RECORD CR 500 2 1 L
",2346324
"SYNCTIME at run start:2325341.8849",2372225
"BLOCK_START: 2325347.8858.BlockType: IntegratedFO",2378218
"STIM_DISP_END: 2325353.8861.BlockType: IntegratedFO",2384218
"BLOCK_END: 2325365.8558.BlockType: IntegratedFO",2396188
"BLOCK_START: 2325365.8861.BlockType: Face",2396218
"STIM_DISP_END: 2325371.8864.BlockType: Face",2402218
"BLOCK_END: 2325383.855.BlockType: Face",2414186
"BLOCK_START: 2325383.8853.BlockType: Object",2414216
"STIM_DISP_END: 2325389.8857.BlockType: Object",2420217
"BLOCK_END: 2325401.855.BlockType: Object",2432185
"BLOCK_START: 2325401.8853.BlockType: Face",2432216
"STIM_DISP_END: 2325407.8859.BlockType: Face",2438216
"BLOCK_END: 2325419.855.BlockType: Face",2450185
"BLOCK_START: 2325419.8853.BlockType: Object",2450215
"STIM_DISP_END: 2325425.8856.BlockType: Object",2456215
"BLOCK_END: 2325437.855.BlockType: Object",2468184
"BLOCK_START: 2325437.8853.BlockType: IntegratedFO",2468214
"STIM_DISP_END: 2325443.886.BlockType: IntegratedFO",2474215
"BLOCK_END: 2325455.855.BlockType: IntegratedFO",2486183
"BLOCK_START: 2325455.8853.BlockType: IntegratedFO",2486213
"STIM_DISP_END: 2325461.8856.BlockType: IntegratedFO",2492214
"BLOCK_END: 2325473.855.BlockType: IntegratedFO",2504183
"BLOCK_START: 2325473.8853.BlockType: Object",2504213
"STIM_DISP_END: 2325479.8856.BlockType: Object",2510213
"BLOCK_END: 2325491.855.BlockType: Object",2522182
"BLOCK_START: 2325491.8853.BlockType: Face",2522212
"STIM_DISP_END: 2325497.8857.BlockType: Face",2528212
"BLOCK_END: 2325509.855.BlockType: Face",2540181
"BLOCK_START: 2325509.8853.BlockType: Face",2540211
"STIM_DISP_END: 2325515.8857.BlockType: Face",2546211
"BLOCK_END: 2325527.855.BlockType: Face",2558180
"BLOCK_START: 2325527.8853.BlockType: IntegratedFO",2558211
"STIM_DISP_END: 2325533.8856.BlockType: IntegratedFO",2564211
"BLOCK_END: 2325545.855.BlockType: IntegratedFO",2576180
"BLOCK_START: 2325545.8853.BlockType: Object",2576210
"STIM_DISP_END: 2325551.8856.BlockType: Object",2582210
"BLOCK_END: 2325563.855.BlockType: Object",2594179
"BLOCK_START: 2325563.8852.BlockType: Object",2594209
"STIM_DISP_END: 2325569.8856.BlockType: Object",2600209
"BLOCK_END: 2325581.855.BlockType: Object",2612178
"BLOCK_START: 2325581.8853.BlockType: IntegratedFO",2612208
"STIM_DISP_END: 2325587.8856.BlockType: IntegratedFO",2618209
"BLOCK_END: 2325599.855.BlockType: IntegratedFO",2630178
"BLOCK_START: 2325599.8852.BlockType: Face",2630208
"STIM_DISP_END: 2325605.8856.BlockType: Face",2636208
"BLOCK_END: 2325617.855.BlockType: Face",2648177
