message,time
"!CAL 
>>>>>>> CALIBRATION (HV9,P-CR) FOR LEFT: <<<<<<<<<",1108166
"!CAL Calibration points:  ",1108166
"!CAL -21.1, -32.2        -0,    373   ",1108166
"!CAL -21.4, -38.6        -0,   -718   ",1108166
"!CAL -20.1, -26.0        -0,   1418   ",1108166
"!CAL -35.8, -31.0     -2017,    373   ",1108166
"!CAL -5.9, -33.0      2017,    373   ",1108166
"!CAL -35.4, -36.6     -2061,   -718   ",1108166
"!CAL -6.8, -39.3      2061,   -718   ",1108166
"!CAL -36.0, -24.5     -1975,   1418   ",1108166
"!CAL -5.2, -25.7      1975,   1418   ",1108166
"!CAL  0.0,  0.0         0,      0   ",1108166
"!CAL eye check box: (L,R,T,B)
	  -40     4   -43     4",1108166
"!CAL href cal range: (L,R,T,B)
	-3091  3091 -1252  1951",1108166
"!CAL Cal coeff:(X=a+bx+cy+dxx+eyy,Y=f+gx+goaly+ixx+jyy)
     -0  134.1 -14.171 -0.10229 -1.108 
   372.64  11.122  168.08 -0.18384 -0.34912",1108166
"!CAL Prenormalize: offx, offy = -21.071 -32.205",1108166
"!CAL Quadrant center: centx, centy = 
  -3.5527e-15  372.64",1108166
"!CAL Corner correction:
  -8.9816e-05, -8.7887e-05 
  -5.8929e-05, -4.593e-07 
  -9.5136e-05,  8.9064e-06 
   6.5174e-06, -6.6928e-05 ",1108166
"!CAL Gains: cx:147.006 lx:51.944 rx:144.421",1108166
"!CAL Gains: cy:222.797 ty:138.683 by:115.571",1108166
"!CAL Resolution (upd) at screen center: X=1.8, Y=1.2",1108166
"!CAL Gain Change Proportion: X: 1.780 Y: 0.200",1108166
"!CAL Gain Ratio (Gy/Gx) = 1.516",1108166
"!CAL Cross-Gain Ratios: X=0.158, Y=0.065 ",1108166
"!CAL Quadrant fixup[0] = 0.104,0.102",1108166
"!CAL Quadrant fixup[1] = 0.067,0.001",1108166
"!CAL Quadrant fixup[2] = 0.232,0.022",1108166
"!CAL Quadrant fixup[3] = 0.007,0.070",1108166
"!CAL PCR gain ratio(x,y) = 2.152, 1.880",1108166
"!CAL CR gain match(x,y) = 1.010, 1.010",1108166
"!CAL Slip rotation correction OFF",1108166
"!CAL CALIBRATION HV9 L LEFT    GOOD ",1108184
"!CAL VALIDATION HV9 L LEFT  GOOD ERROR 0.42 avg. 0.58 max  OFFSET 0.28 deg. 8.0,-20.2 pix.",1125147
"VALIDATE L POINT 0  LEFT  at 960,540  OFFSET 0.58 deg.  17.9,-41.9 pix.",1125147
"VALIDATE L POINT 1  LEFT  at 960,216  OFFSET 0.37 deg.  -18.8,21.7 pix.",1125147
"VALIDATE L POINT 2  LEFT  at 960,863  OFFSET 0.17 deg.  -12.4,-0.9 pix.",1125147
"VALIDATE L POINT 3  LEFT  at 384,540  OFFSET 0.18 deg.  -13.1,5.0 pix.",1125147
"VALIDATE L POINT 4  LEFT  at 1535,540  OFFSET 0.56 deg.  36.0,-23.1 pix.",1125147
"VALIDATE L POINT 5  LEFT  at 453,255  OFFSET 0.32 deg.  22.3,-10.0 pix.",1125147
"VALIDATE L POINT 6  LEFT  at 1466,255  OFFSET 0.10 deg.  2.9,-7.0 pix.",1125147
"VALIDATE L POINT 7  LEFT  at 453,824  OFFSET 0.22 deg.  2.7,-17.2 pix.",1125147
"VALIDATE L POINT 8  LEFT  at 1466,824  OFFSET 0.51 deg.  6.6,-39.7 pix.",1125147
"DRIFTCORRECT L LEFT  at 960,540  OFFSET 0.26 deg.  12.8,-15.3 pix.",1129392
"RECCFG CR 500 2 1 L",1129935
"ELCLCFG MLRR",1129935
"GAZE_COORDS 0.00 0.00 1919.00 1079.00",1129935
"THRESHOLDS L 51 132",1129935
"ELCL_WINDOW_SIZES 176 188 0 0",1129935
"ELCL_PROC CENTROID (3)",1129935
"ELCL_PCR_PARAM 5 3.0",1129935
"!MODE RECORD CR 500 2 1 L
",1129936
"SYNCTIME at run start:2324125.8729",1156258
"BLOCK_START: 2324131.8796.BlockType: Face",1162261
"STIM_DISP_END: 2324137.8815.BlockType: Face",1168263
"BLOCK_END: 2324149.8499.BlockType: Face",1180230
"BLOCK_START: 2324149.883.BlockType: IntegratedFO",1180264
"STIM_DISP_END: 2324155.8848.BlockType: IntegratedFO",1186265
"BLOCK_END: 2324167.8442.BlockType: IntegratedFO",1198224
"BLOCK_START: 2324167.8749.BlockType: Object",1198255
"STIM_DISP_END: 2324173.8759.BlockType: Object",1204255
"BLOCK_END: 2324185.8433.BlockType: Object",1216222
"BLOCK_START: 2324185.8738.BlockType: Object",1216253
"STIM_DISP_END: 2324191.8744.BlockType: Object",1222253
"BLOCK_END: 2324203.8431.BlockType: Object",1234221
"BLOCK_START: 2324203.8744.BlockType: Face",1234253
"STIM_DISP_END: 2324209.8749.BlockType: Face",1240253
"BLOCK_END: 2324221.8436.BlockType: Face",1252221
"BLOCK_START: 2324221.874.BlockType: IntegratedFO",1252251
"STIM_DISP_END: 2324227.8747.BlockType: IntegratedFO",1258252
"BLOCK_END: 2324239.843.BlockType: IntegratedFO",1270220
"BLOCK_START: 2324239.8733.BlockType: Object",1270250
"STIM_DISP_END: 2324245.874.BlockType: Object",1276251
"BLOCK_END: 2324257.843.BlockType: Object",1288219
"BLOCK_START: 2324257.8736.BlockType: IntegratedFO",1288250
"STIM_DISP_END: 2324263.8741.BlockType: IntegratedFO",1294250
"BLOCK_END: 2324275.843.BlockType: IntegratedFO",1306218
"BLOCK_START: 2324275.8732.BlockType: Face",1306249
"STIM_DISP_END: 2324281.8736.BlockType: Face",1312249
"BLOCK_END: 2324293.843.BlockType: Face",1324218
"BLOCK_START: 2324293.8733.BlockType: Face",1324248
"STIM_DISP_END: 2324299.8738.BlockType: Face",1330248
"BLOCK_END: 2324311.843.BlockType: Face",1342217
"BLOCK_START: 2324311.8732.BlockType: Object",1342247
"STIM_DISP_END: 2324317.8737.BlockType: Object",1348247
"BLOCK_END: 2324329.843.BlockType: Object",1360216
"BLOCK_START: 2324329.8732.BlockType: IntegratedFO",1360246
"STIM_DISP_END: 2324335.8736.BlockType: IntegratedFO",1366247
"BLOCK_END: 2324347.843.BlockType: IntegratedFO",1378215
"BLOCK_START: 2324347.8732.BlockType: IntegratedFO",1378246
"STIM_DISP_END: 2324353.8738.BlockType: IntegratedFO",1384246
"BLOCK_END: 2324365.843.BlockType: IntegratedFO",1396215
"BLOCK_START: 2324365.8732.BlockType: Face",1396245
"STIM_DISP_END: 2324371.8737.BlockType: Face",1402245
"BLOCK_END: 2324383.843.BlockType: Face",1414214
"BLOCK_START: 2324383.8732.BlockType: Object",1414244
"STIM_DISP_END: 2324389.8736.BlockType: Object",1420244
"BLOCK_END: 2324401.8429.BlockType: Object",1432213
