message,time
"!CAL VALIDATION L ABORTED",2336278
"!CAL 
>>>>>>> CALIBRATION (HV9,P-CR) FOR LEFT: <<<<<<<<<",2366048
"!CAL Calibration points:  ",2366048
"!CAL -12.9, -35.1        -0,    373   ",2366048
"!CAL -13.8, -43.3        -0,   -718   ",2366048
"!CAL -12.3, -27.6        -0,   1418   ",2366048
"!CAL -28.8, -35.9     -2017,    373   ",2366048
"!CAL  2.1, -36.2      2017,    373   ",2366048
"!CAL -28.0, -42.6     -2061,   -718   ",2366048
"!CAL  1.9, -43.3      2061,   -718   ",2366048
"!CAL -28.2, -27.3     -1975,   1418   ",2366048
"!CAL  2.7, -29.1      1975,   1418   ",2366048
"!CAL  0.0,  0.0         0,      0   ",2366048
"!CAL eye check box: (L,R,T,B)
	  -32     6   -48     4",2366048
"!CAL href cal range: (L,R,T,B)
	-3091  3091 -1252  1951",2366048
"!CAL Cal coeff:(X=a+bx+cy+dxx+eyy,Y=f+gx+goaly+ixx+jyy)
     -0  130.32 -11.824  0.20652  0.2801 
   372.64  1.9484  135.45  0.53183  0.41667",2366048
"!CAL Prenormalize: offx, offy = -12.881 -35.081",2366048
"!CAL Quadrant center: centx, centy = 
  -3.5527e-15  372.64",2366048
"!CAL Corner correction:
  -0.00014915, -0.00011221 
   1.4859e-05,  7.3386e-05 
  -2.2031e-05,  5.4935e-05 
  -2.072e-05,  3.3213e-05 ",2366048
"!CAL Gains: cx:124.724 lx:117.373 rx:141.064",2366048
"!CAL Gains: cy:190.826 ty:144.500 by:195.552",2366048
"!CAL Resolution (upd) at screen center: X=2.1, Y=1.4",2366048
"!CAL Gain Change Proportion: X: 0.202 Y: 0.353",2366048
"!CAL Gain Ratio (Gy/Gx) = 1.530",2366048
"!CAL Cross-Gain Ratios: X=0.076, Y=0.014 ",2366048
"!CAL Quadrant fixup[0] = 0.133,0.100",2366048
"!CAL Quadrant fixup[1] = 0.014,0.068",2366048
"!CAL Quadrant fixup[2] = 0.039,0.096",2366048
"!CAL Quadrant fixup[3] = 0.037,0.059",2366048
"!CAL PCR gain ratio(x,y) = 2.511, 2.149",2366048
"!CAL CR gain match(x,y) = 1.010, 1.010",2366048
"!CAL Slip rotation correction OFF",2366048
"!CAL CALIBRATION HV9 L LEFT    GOOD ",2366067
"!CAL VALIDATION HV9 L LEFT  GOOD ERROR 0.37 avg. 0.55 max  OFFSET 0.17 deg. -2.0,-13.0 pix.",2383855
"VALIDATE L POINT 0  LEFT  at 960,540  OFFSET 0.48 deg.  -8.1,-37.2 pix.",2383855
"VALIDATE L POINT 1  LEFT  at 960,216  OFFSET 0.55 deg.  -4.4,43.8 pix.",2383855
"VALIDATE L POINT 2  LEFT  at 960,863  OFFSET 0.34 deg.  17.7,-20.0 pix.",2383855
"VALIDATE L POINT 3  LEFT  at 384,540  OFFSET 0.02 deg.  -0.5,1.5 pix.",2383855
"VALIDATE L POINT 4  LEFT  at 1535,540  OFFSET 0.38 deg.  1.6,30.0 pix.",2383855
"VALIDATE L POINT 5  LEFT  at 453,255  OFFSET 0.25 deg.  6.5,18.5 pix.",2383855
"VALIDATE L POINT 6  LEFT  at 1466,255  OFFSET 0.18 deg.  13.3,-3.6 pix.",2383855
"VALIDATE L POINT 7  LEFT  at 453,824  OFFSET 0.50 deg.  11.3,-38.3 pix.",2383855
"VALIDATE L POINT 8  LEFT  at 1466,824  OFFSET 0.30 deg.  -14.8,18.0 pix.",2383855
"!CAL VALIDATION L ABORTED",2385459
"DRIFTCORRECT L LEFT  at 960,540  OFFSET 0.54 deg.  29.0,30.6 pix.",2389677
"RECCFG CR 500 2 1 L",2390250
"ELCLCFG MLRR",2390250
"GAZE_COORDS 0.00 0.00 1919.00 1079.00",2390250
"THRESHOLDS L 56 206",2390250
"ELCL_WINDOW_SIZES 176 188 0 0",2390250
"ELCL_PROC CENTROID (3)",2390250
"ELCL_PCR_PARAM 5 3.0",2390250
"!MODE RECORD CR 500 2 1 L
",2390251
"SYNCTIME at run start:10039.4225",2414657
"BLOCK_START: 10045.4233.BlockType: IntegratedFO",2420656
"STIM_DISP_END: 10051.4239.BlockType: IntegratedFO",2426656
"BLOCK_END: 10063.3933.BlockType: IntegratedFO",2438625
"BLOCK_START: 10063.4236.BlockType: Face",2438655
"STIM_DISP_END: 10069.4239.BlockType: Face",2444656
"BLOCK_END: 10081.3926.BlockType: Face",2456624
"BLOCK_START: 10081.4228.BlockType: Object",2456654
"STIM_DISP_END: 10087.4232.BlockType: Object",2462654
"BLOCK_END: 10099.3926.BlockType: Object",2474623
"BLOCK_START: 10099.4228.BlockType: Face",2474653
"STIM_DISP_END: 10105.4232.BlockType: Face",2480654
"BLOCK_END: 10117.3926.BlockType: Face",2492623
"BLOCK_START: 10117.4228.BlockType: Object",2492653
"STIM_DISP_END: 10123.4232.BlockType: Object",2498653
"BLOCK_END: 10135.3926.BlockType: Object",2510622
"BLOCK_START: 10135.4228.BlockType: IntegratedFO",2510652
"STIM_DISP_END: 10141.4232.BlockType: IntegratedFO",2516652
"BLOCK_END: 10153.3926.BlockType: IntegratedFO",2528621
"BLOCK_START: 10153.4228.BlockType: IntegratedFO",2528651
"STIM_DISP_END: 10159.4231.BlockType: IntegratedFO",2534651
"BLOCK_END: 10171.3926.BlockType: IntegratedFO",2546621
"BLOCK_START: 10171.4228.BlockType: Object",2546651
"STIM_DISP_END: 10177.4232.BlockType: Object",2552651
"BLOCK_END: 10189.3926.BlockType: Object",2564620
"BLOCK_START: 10189.4228.BlockType: Face",2564650
"STIM_DISP_END: 10195.4233.BlockType: Face",2570650
"BLOCK_END: 10207.3926.BlockType: Face",2582619
"BLOCK_START: 10207.4228.BlockType: Face",2582649
"STIM_DISP_END: 10213.4231.BlockType: Face",2588650
"BLOCK_END: 10225.3926.BlockType: Face",2600619
"BLOCK_START: 10225.4228.BlockType: IntegratedFO",2600649
"STIM_DISP_END: 10231.4231.BlockType: IntegratedFO",2606649
"BLOCK_END: 10243.3925.BlockType: IntegratedFO",2618618
"BLOCK_START: 10243.4228.BlockType: Object",2618648
"STIM_DISP_END: 10249.4231.BlockType: Object",2624648
"BLOCK_END: 10261.3925.BlockType: Object",2636617
"BLOCK_START: 10261.4228.BlockType: Object",2636647
"STIM_DISP_END: 10267.4231.BlockType: Object",2642647
"BLOCK_END: 10279.3925.BlockType: Object",2654616
"BLOCK_START: 10279.4228.BlockType: IntegratedFO",2654647
"STIM_DISP_END: 10285.4231.BlockType: IntegratedFO",2660647
"BLOCK_END: 10297.3925.BlockType: IntegratedFO",2672616
"BLOCK_START: 10297.4228.BlockType: Face",2672646
"STIM_DISP_END: 10303.4231.BlockType: Face",2678646
"BLOCK_END: 10315.3925.BlockType: Face",2690615
