message,time
"!CAL VALIDATION L ABORTED",1700373
"DRIFTCORRECT L ABORTED",1703501
"!CAL 
>>>>>>> CALIBRATION (HV9,P-CR) FOR LEFT: <<<<<<<<<",1716239
"!CAL Calibration points:  ",1716239
"!CAL -7.5, -28.4        -0,    373   ",1716239
"!CAL -8.9, -35.2        -0,   -718   ",1716239
"!CAL -7.0, -20.0        -0,   1418   ",1716239
"!CAL -23.2, -27.6     -2017,    373   ",1716239
"!CAL  7.3, -28.6      2017,    373   ",1716239
"!CAL -23.8, -35.6     -2061,   -718   ",1716239
"!CAL  7.8, -35.9      2061,   -718   ",1716239
"!CAL -22.0, -20.6     -1975,   1418   ",1716239
"!CAL  7.3, -20.3      1975,   1418   ",1716239
"!CAL  0.0,  0.0         0,      0   ",1716239
"!CAL eye check box: (L,R,T,B)
	  -27    11   -39     4",1716239
"!CAL href cal range: (L,R,T,B)
	-3091  3091 -1252  1951",1716239
"!CAL Cal coeff:(X=a+bx+cy+dxx+eyy,Y=f+gx+goaly+ixx+jyy)
     -0  132.12 -19.158  0.28083  1.291 
   372.64  4.5211  143.89 -0.15456 -2.3673",1716239
"!CAL Prenormalize: offx, offy = -7.5072 -28.393",1716239
"!CAL Quadrant center: centx, centy = 
  -1.7764e-14  372.64",1716239
"!CAL Corner correction:
  -7.9246e-05,  7.9883e-05 
   8.9542e-05, -3.2875e-05 
   2.8377e-05, -9.4082e-05 
   1.4961e-05,  1.5229e-06 ",1716239
"!CAL Gains: cx:140.603 lx:133.386 rx:151.214",1716239
"!CAL Gains: cy:93.598 ty:153.269 by:96.411",1716239
"!CAL Resolution (upd) at screen center: X=1.9, Y=2.8",1716239
"!CAL Gain Change Proportion: X: 0.134 Y: 0.590",1716239
"!CAL Gain Ratio (Gy/Gx) = 0.666",1716239
"!CAL Bad Y/X gain ratio: 0.666 ",1716239
"!CAL PCR gain ratio(x,y) = 2.273, 1.873",1716239
"!CAL CR gain match(x,y) = 1.010, 1.010",1716239
"!CAL Slip rotation correction OFF",1716239
"!CAL CALIBRATION HV9 L LEFT    GOOD ",1716254
"!CAL VALIDATION HV9 L LEFT  GOOD ERROR 0.66 avg. 1.20 max  OFFSET 0.36 deg. -26.7,3.5 pix.",1742264
"VALIDATE L POINT 0  LEFT  at 960,540  OFFSET 0.69 deg.  -50.5,-13.7 pix.",1742264
"VALIDATE L POINT 1  LEFT  at 960,216  OFFSET 0.26 deg.  10.9,-17.1 pix.",1742264
"VALIDATE L POINT 2  LEFT  at 960,863  OFFSET 0.50 deg.  -7.4,38.9 pix.",1742264
"VALIDATE L POINT 3  LEFT  at 384,540  OFFSET 1.20 deg.  -20.9,93.2 pix.",1742264
"VALIDATE L POINT 4  LEFT  at 1535,540  OFFSET 0.91 deg.  -11.8,71.8 pix.",1742264
"VALIDATE L POINT 5  LEFT  at 453,255  OFFSET 0.67 deg.  -7.7,52.6 pix.",1742264
"VALIDATE L POINT 6  LEFT  at 1466,255  OFFSET 0.38 deg.  -27.5,6.9 pix.",1742264
"VALIDATE L POINT 7  LEFT  at 453,824  OFFSET 0.81 deg.  -51.8,-33.3 pix.",1742264
"VALIDATE L POINT 8  LEFT  at 1466,824  OFFSET 0.67 deg.  4.5,-53.2 pix.",1742264
"!CAL VALIDATION L ABORTED",1745516
"DRIFTCORRECT L LEFT  at 960,540  OFFSET 1.18 deg.  -61.8,-66.1 pix.",1749827
"RECCFG CR 500 2 1 L",1750312
"ELCLCFG MLRR",1750312
"GAZE_COORDS 0.00 0.00 1919.00 1079.00",1750312
"THRESHOLDS L 49 129",1750312
"ELCL_WINDOW_SIZES 176 188 0 0",1750312
"ELCL_PROC CENTROID (3)",1750312
"ELCL_PCR_PARAM 5 3.0",1750312
"!MODE RECORD CR 500 2 1 L
",1750313
"SYNCTIME at run start:74155.6086",1776286
"BLOCK_START: 74161.6093.BlockType: Object",1782268
"STIM_DISP_END: 74167.6097.BlockType: Object",1788268
"BLOCK_END: 74179.5793.BlockType: Object",1800237
"BLOCK_START: 74179.6096.BlockType: Face",1800267
"STIM_DISP_END: 74185.61.BlockType: Face",1806268
"BLOCK_END: 74197.5787.BlockType: Face",1818236
"BLOCK_START: 74197.6089.BlockType: IntegratedFO",1818266
"STIM_DISP_END: 74203.6093.BlockType: IntegratedFO",1824267
"BLOCK_END: 74215.5786.BlockType: IntegratedFO",1836236
"BLOCK_START: 74215.6089.BlockType: IntegratedFO",1836266
"STIM_DISP_END: 74221.6092.BlockType: IntegratedFO",1842266
"BLOCK_END: 74233.5786.BlockType: IntegratedFO",1854235
"BLOCK_START: 74233.6089.BlockType: Face",1854266
"STIM_DISP_END: 74239.6092.BlockType: Face",1860266
"BLOCK_END: 74251.5787.BlockType: Face",1872235
"BLOCK_START: 74251.6089.BlockType: Object",1872265
"STIM_DISP_END: 74257.6093.BlockType: Object",1878265
"BLOCK_END: 74269.5787.BlockType: Object",1890234
"BLOCK_START: 74269.6089.BlockType: Face",1890265
"STIM_DISP_END: 74275.6093.BlockType: Face",1896265
"BLOCK_END: 74287.5787.BlockType: Face",1908234
"BLOCK_START: 74287.6089.BlockType: IntegratedFO",1908264
"STIM_DISP_END: 74293.6093.BlockType: IntegratedFO",1914264
"BLOCK_END: 74305.5786.BlockType: IntegratedFO",1926234
"BLOCK_START: 74305.6089.BlockType: Object",1926264
"STIM_DISP_END: 74311.6093.BlockType: Object",1932264
"BLOCK_END: 74323.5786.BlockType: Object",1944233
"BLOCK_START: 74323.6089.BlockType: Object",1944263
"STIM_DISP_END: 74329.6094.BlockType: Object",1950264
"BLOCK_END: 74341.5786.BlockType: Object",1962233
"BLOCK_START: 74341.6089.BlockType: IntegratedFO",1962263
"STIM_DISP_END: 74347.6092.BlockType: IntegratedFO",1968263
"BLOCK_END: 74359.5787.BlockType: IntegratedFO",1980232
"BLOCK_START: 74359.6089.BlockType: Face",1980262
"STIM_DISP_END: 74365.6092.BlockType: Face",1986263
"BLOCK_END: 74377.5786.BlockType: Face",1998232
"BLOCK_START: 74377.6089.BlockType: Face",1998262
"STIM_DISP_END: 74383.6092.BlockType: Face",2004262
"BLOCK_END: 74395.5786.BlockType: Face",2016231
"BLOCK_START: 74395.6089.BlockType: Object",2016262
"STIM_DISP_END: 74401.6093.BlockType: Object",2022262
"BLOCK_END: 74413.5786.BlockType: Object",2034231
"BLOCK_START: 74413.6089.BlockType: IntegratedFO",2034261
"STIM_DISP_END: 74419.6092.BlockType: IntegratedFO",2040261
"BLOCK_END: 74431.5786.BlockType: IntegratedFO",2052231
