message,time
"!CAL 
>>>>>>> CALIBRATION (HV9,P-CR) FOR LEFT: <<<<<<<<<",9493731
"!CAL Calibration points:  ",9493731
"!CAL -38.0, -39.2        -0,    373   ",9493731
"!CAL -38.8, -46.3        -0,   -718   ",9493731
"!CAL -36.2, -30.4        -0,   1418   ",9493731
"!CAL -54.1, -37.3     -2017,    373   ",9493731
"!CAL -20.8, -38.1      2017,    373   ",9493731
"!CAL -54.5, -44.9     -2061,   -718   ",9493731
"!CAL -20.7, -47.7      2061,   -718   ",9493731
"!CAL -52.5, -29.6     -1975,   1418   ",9493731
"!CAL -19.8, -30.8      1975,   1418   ",9493731
"!CAL  0.0,  0.0         0,      0   ",9493731
"!CAL eye check box: (L,R,T,B)
	  -60     5   -53     5",9493731
"!CAL href cal range: (L,R,T,B)
	-3091  3091 -1252  1951",9493731
"!CAL Cal coeff:(X=a+bx+cy+dxx+eyy,Y=f+gx+goaly+ixx+jyy)
     -0  120.88 -18.626 -0.1383 -0.71476 
   372.64  4.1125  137.71 -0.71335 -2.1294",9493731
"!CAL Prenormalize: offx, offy = -38.019 -39.157",9493731
"!CAL Quadrant center: centx, centy = 
  -1.4211e-14  372.64",9493731
"!CAL Corner correction:
  -5.3438e-05,  1.3472e-05 
   3.1717e-05, -0.0001219 
  -2.9096e-05, -7.0328e-05 
   1.5955e-05,  0.00012413 ",9493731
"!CAL Gains: cx:109.088 lx:115.951 rx:67.419",9493732
"!CAL Gains: cy:126.271 ty:68.750 by:270.701",9493732
"!CAL Resolution (upd) at screen center: X=2.4, Y=2.1",9493732
"!CAL Gain Change Proportion: X: 0.720 Y: 2.937",9493732
"!CAL Gain Ratio (Gy/Gx) = 1.158",9493732
"!CAL Cross-Gain Ratios: X=0.201, Y=0.002 ",9493732
"!CAL Quadrant fixup[0] = 0.070,0.018",9493732
"!CAL Quadrant fixup[1] = 0.065,0.248",9493732
"!CAL Quadrant fixup[2] = 0.034,0.081",9493732
"!CAL Quadrant fixup[3] = 0.010,0.075",9493732
"!CAL PCR gain ratio(x,y) = 2.499, 2.129",9493732
"!CAL CR gain match(x,y) = 1.010, 1.010",9493732
"!CAL Slip rotation correction OFF",9493732
"!CAL CALIBRATION HV9 L LEFT    GOOD ",9493748
"!CAL VALIDATION HV9 L LEFT  GOOD ERROR 0.51 avg. 0.72 max  OFFSET 0.41 deg. 30.1,8.6 pix.",9511136
"VALIDATE L POINT 0  LEFT  at 960,540  OFFSET 0.49 deg.  36.0,9.3 pix.",9511136
"VALIDATE L POINT 1  LEFT  at 960,216  OFFSET 0.72 deg.  38.2,40.5 pix.",9511136
"VALIDATE L POINT 2  LEFT  at 960,863  OFFSET 0.24 deg.  6.8,17.6 pix.",9511136
"VALIDATE L POINT 3  LEFT  at 384,540  OFFSET 0.65 deg.  43.9,23.1 pix.",9511136
"VALIDATE L POINT 4  LEFT  at 1535,540  OFFSET 0.65 deg.  42.8,-24.6 pix.",9511136
"VALIDATE L POINT 5  LEFT  at 453,255  OFFSET 0.24 deg.  16.3,7.9 pix.",9511136
"VALIDATE L POINT 6  LEFT  at 1466,255  OFFSET 0.21 deg.  2.5,-16.8 pix.",9511136
"VALIDATE L POINT 7  LEFT  at 453,824  OFFSET 0.68 deg.  -41.3,31.5 pix.",9511136
"VALIDATE L POINT 8  LEFT  at 1466,824  OFFSET 0.46 deg.  24.3,26.8 pix.",9511136
"!CAL VALIDATION L ABORTED",9512143
"DRIFTCORRECT L LEFT  at 960,540  OFFSET 0.55 deg.  35.6,22.2 pix.",9515039
"RECCFG CR 500 2 1 L",9515585
"ELCLCFG MLRR",9515585
"GAZE_COORDS 0.00 0.00 1919.00 1079.00",9515585
"THRESHOLDS L 52 216",9515585
"ELCL_WINDOW_SIZES 176 188 0 0",9515585
"PUPIL_DATA_TYPE RAW_AUTOSLIP",9515585
"ELCL_PROC CENTROID (3)",9515585
"ELCL_PCR_PARAM 5 3.0",9515585
"!MODE RECORD CR 500 2 1 L
",9515586
"SYNCTIME at run start:340139.6536",9579232
"BLOCK_START: 340145.6603.BlockType: Face",9585214
"STIM_DISP_END: 340151.6626.BlockType: Face",9591216
"BLOCK_END: 340163.6306.BlockType: Face",9603183
"BLOCK_START: 340163.6633.BlockType: IntegratedFO",9603216
"STIM_DISP_END: 340169.6654.BlockType: IntegratedFO",9609218
"BLOCK_END: 340181.6248.BlockType: IntegratedFO",9621177
"BLOCK_START: 340181.6555.BlockType: Object",9621207
"STIM_DISP_END: 340187.6561.BlockType: Object",9627208
"BLOCK_END: 340199.6241.BlockType: Object",9639175
"BLOCK_START: 340199.6545.BlockType: Object",9639206
"STIM_DISP_END: 340205.6552.BlockType: Object",9645206
"BLOCK_END: 340217.6238.BlockType: Object",9657174
"BLOCK_START: 340217.655.BlockType: Face",9657205
"STIM_DISP_END: 340223.6557.BlockType: Face",9663206
"BLOCK_END: 340235.6243.BlockType: Face",9675174
"BLOCK_START: 340235.6547.BlockType: IntegratedFO",9675205
"STIM_DISP_END: 340241.6552.BlockType: IntegratedFO",9681205
"BLOCK_END: 340253.6237.BlockType: IntegratedFO",9693173
"BLOCK_START: 340253.654.BlockType: Object",9693203
"STIM_DISP_END: 340259.6546.BlockType: Object",9699204
"BLOCK_END: 340271.6237.BlockType: Object",9711172
"BLOCK_START: 340271.6542.BlockType: IntegratedFO",9711203
"STIM_DISP_END: 340277.6546.BlockType: IntegratedFO",9717203
"BLOCK_END: 340289.6237.BlockType: IntegratedFO",9729172
"BLOCK_START: 340289.6539.BlockType: Face",9729202
"STIM_DISP_END: 340295.6543.BlockType: Face",9735202
"BLOCK_END: 340307.6237.BlockType: Face",9747171
"BLOCK_START: 340307.654.BlockType: Face",9747201
"STIM_DISP_END: 340313.6546.BlockType: Face",9753202
"BLOCK_END: 340325.6237.BlockType: Face",9765170
"BLOCK_START: 340325.6539.BlockType: Object",9765201
"STIM_DISP_END: 340331.6543.BlockType: Object",9771201
"BLOCK_END: 340343.6237.BlockType: Object",9783170
"BLOCK_START: 340343.6539.BlockType: IntegratedFO",9783200
"STIM_DISP_END: 340349.6544.BlockType: IntegratedFO",9789200
"BLOCK_END: 340361.6237.BlockType: IntegratedFO",9801169
"BLOCK_START: 340361.6539.BlockType: IntegratedFO",9801199
"STIM_DISP_END: 340367.6545.BlockType: IntegratedFO",9807200
"BLOCK_END: 340379.6237.BlockType: IntegratedFO",9819169
"BLOCK_START: 340379.6539.BlockType: Face",9819199
"STIM_DISP_END: 340385.6543.BlockType: Face",9825199
"BLOCK_END: 340397.6237.BlockType: Face",9837168
"BLOCK_START: 340397.6539.BlockType: Object",9837198
"STIM_DISP_END: 340403.6543.BlockType: Object",9843198
"BLOCK_END: 340415.6237.BlockType: Object",9855167
